{"dim": 5, "alpha": 1.0, "l2_lambda": 1.0, "A": [[3.490452579629998, 19.630396865260977, 13.112920958172557, 12.285213527153264, 6.282852175108907], [19.630396865260977, 165.06562956664146, 106.09357632275136, 99.39990674603195, 48.1294841269841], [13.112920958172557, 106.09357632275136, 80.28396166666667, 74.28992249999995, 32.98683333333338], [12.285213527153264, 99.39990674603195, 74.28992249999995, 70.61055624999996, 30.911596726190478], [6.282852175108907, 48.1294841269841, 32.98683333333338, 30.911596726190478, 26.36219104308391]], "b": [7.563096955280131, 58.58718245282227, 40.78891152478851, 38.22329957015084, 29.941241057425536]}