{
  "events_path": "storage/bandit/events.jsonl",
  "target_epsilon": 0.05,
  "reward_model_reg": 1.0,
  "policies": {
    "retrieval": {
      "IPS": 0.3393730375364273,
      "SNIPS": 0.34250571172907146,
      "DR": 0.3303371538539011,
      "DM": 0.32996460132247357,
      "n_events": 200,
      "DR_95CI": [
        0.2905120472169887,
        0.3633751339064127
      ]
    },
    "random": {
      "IPS": 0.47510044051773215,
      "SNIPS": 0.4315506632229758,
      "DR": 0.2934122411949491,
      "DM": 0.3247983651596234,
      "n_events": 200,
      "DR_95CI": [
        0.18594826397353031,
        0.39565708285550794
      ]
    },
    "linucb": {
      "IPS": 1.020722065742644,
      "SNIPS": 0.4748891312958686,
      "DR": 0.367262777995711,
      "DM": 0.4942995674305297,
      "n_events": 200,
      "DR_95CI": [
        0.21852322477233135,
        0.48767638541276637
      ]
    }
  }
}